Name,Image URL
Alexander Mill Dam,"https://staticmap.openstreetmap.de/staticmap.php?center=41.365,-81.512&zoom=15&size=800x400&maptype=mapnik&markers=41.365,-81.512,red-pushpin"
Alexander’s Grist Mill,"https://staticmap.openstreetmap.de/staticmap.php?center=41.365,-81.512&zoom=15&size=800x400&maptype=mapnik&markers=41.365,-81.512,red-pushpin"
Bath Road Heronry,"https://staticmap.openstreetmap.de/staticmap.php?center=41.176,-81.583&zoom=15&size=800x400&maptype=mapnik&markers=41.176,-81.583,red-pushpin"
Beaver Marsh,"https://staticmap.openstreetmap.de/staticmap.php?center=41.198,-81.579&zoom=15&size=800x400&maptype=mapnik&markers=41.198,-81.579,red-pushpin"
Big Bend,"https://staticmap.openstreetmap.de/staticmap.php?center=41.139,-81.548&zoom=15&size=800x400&maptype=mapnik&markers=41.139,-81.548,red-pushpin"
Big Bend Pier,"https://staticmap.openstreetmap.de/staticmap.php?center=41.139,-81.548&zoom=15&size=800x400&maptype=mapnik&markers=41.139,-81.548,red-pushpin"
Blossom Music Center,"https://staticmap.openstreetmap.de/staticmap.php?center=41.191,-81.559&zoom=15&size=800x400&maptype=mapnik&markers=41.191,-81.559,red-pushpin"
Blue Hen Creekbed,"https://staticmap.openstreetmap.de/staticmap.php?center=41.257,-81.573&zoom=15&size=800x400&maptype=mapnik&markers=41.257,-81.573,red-pushpin"
Blue Hen Falls,"https://staticmap.openstreetmap.de/staticmap.php?center=41.257,-81.573&zoom=15&size=800x400&maptype=mapnik&markers=41.257,-81.573,red-pushpin"
Blue Heron Boardwalk,"https://staticmap.openstreetmap.de/staticmap.php?center=41.332,-81.605&zoom=15&size=800x400&maptype=mapnik&markers=41.332,-81.605,red-pushpin"
Bolanz Road Access,"https://staticmap.openstreetmap.de/staticmap.php?center=41.222,-81.575&zoom=15&size=800x400&maptype=mapnik&markers=41.222,-81.575,red-pushpin"
Boston Mill Bridge,"https://staticmap.openstreetmap.de/staticmap.php?center=41.263,-81.562&zoom=15&size=800x400&maptype=mapnik&markers=41.263,-81.562,red-pushpin"
Boston Mill Ski,"https://staticmap.openstreetmap.de/staticmap.php?center=41.261,-81.565&zoom=15&size=800x400&maptype=mapnik&markers=41.261,-81.565,red-pushpin"
Boston Mill Visitor Center,"https://staticmap.openstreetmap.de/staticmap.php?center=41.263,-81.561&zoom=15&size=800x400&maptype=mapnik&markers=41.263,-81.561,red-pushpin"
Boston Ski Lodge,"https://staticmap.openstreetmap.de/staticmap.php?center=41.261,-81.565&zoom=15&size=800x400&maptype=mapnik&markers=41.261,-81.565,red-pushpin"
Boston Store Gallery,"https://staticmap.openstreetmap.de/staticmap.php?center=41.263,-81.561&zoom=15&size=800x400&maptype=mapnik&markers=41.263,-81.561,red-pushpin"
Boston Township Hall,"https://staticmap.openstreetmap.de/staticmap.php?center=41.242,-81.55&zoom=15&size=800x400&maptype=mapnik&markers=41.242,-81.55,red-pushpin"
Botzum Bridge,"https://staticmap.openstreetmap.de/staticmap.php?center=41.161,-81.58&zoom=15&size=800x400&maptype=mapnik&markers=41.161,-81.58,red-pushpin"
Botzum CVSR Stop,"https://staticmap.openstreetmap.de/staticmap.php?center=41.161,-81.58&zoom=15&size=800x400&maptype=mapnik&markers=41.161,-81.58,red-pushpin"
Botzum Farm Site,"https://staticmap.openstreetmap.de/staticmap.php?center=41.16,-81.581&zoom=15&size=800x400&maptype=mapnik&markers=41.16,-81.581,red-pushpin"
Botzum Station,"https://staticmap.openstreetmap.de/staticmap.php?center=41.161,-81.58&zoom=15&size=800x400&maptype=mapnik&markers=41.161,-81.58,red-pushpin"
Brandywine Falls,"https://staticmap.openstreetmap.de/staticmap.php?center=41.276,-81.54&zoom=15&size=800x400&maptype=mapnik&markers=41.276,-81.54,red-pushpin"
Brandywine Inn,"https://staticmap.openstreetmap.de/staticmap.php?center=41.276,-81.541&zoom=15&size=800x400&maptype=mapnik&markers=41.276,-81.541,red-pushpin"
Brandywine Ski,"https://staticmap.openstreetmap.de/staticmap.php?center=41.285,-81.535&zoom=15&size=800x400&maptype=mapnik&markers=41.285,-81.535,red-pushpin"
Brecksville Stables,"https://staticmap.openstreetmap.de/staticmap.php?center=41.312,-81.615&zoom=15&size=800x400&maptype=mapnik&markers=41.312,-81.615,red-pushpin"
Bridal Veil Bdwalk,"https://staticmap.openstreetmap.de/staticmap.php?center=41.361,-81.522&zoom=15&size=800x400&maptype=mapnik&markers=41.361,-81.522,red-pushpin"
Bridal Veil Falls,"https://staticmap.openstreetmap.de/staticmap.php?center=41.361,-81.522&zoom=15&size=800x400&maptype=mapnik&markers=41.361,-81.522,red-pushpin"
Brushwood Lake,"https://staticmap.openstreetmap.de/staticmap.php?center=41.226,-81.616&zoom=15&size=800x400&maptype=mapnik&markers=41.226,-81.616,red-pushpin"
Canal Ctr Lock,"https://staticmap.openstreetmap.de/staticmap.php?center=41.369,-81.606&zoom=15&size=800x400&maptype=mapnik&markers=41.369,-81.606,red-pushpin"
Canal Exploration Ctr,"https://staticmap.openstreetmap.de/staticmap.php?center=41.369,-81.606&zoom=15&size=800x400&maptype=mapnik&markers=41.369,-81.606,red-pushpin"
Canal Rd District,"https://staticmap.openstreetmap.de/staticmap.php?center=41.385,-81.615&zoom=15&size=800x400&maptype=mapnik&markers=41.385,-81.615,red-pushpin"
Cascade (Schumacher),"https://staticmap.openstreetmap.de/staticmap.php?center=41.13,-81.53&zoom=15&size=800x400&maptype=mapnik&markers=41.13,-81.53,red-pushpin"
Cascade Locks,"https://staticmap.openstreetmap.de/staticmap.php?center=41.092,-81.52&zoom=15&size=800x400&maptype=mapnik&markers=41.092,-81.52,red-pushpin"
Cascade signal tree,"https://staticmap.openstreetmap.de/staticmap.php?center=41.13,-81.53&zoom=15&size=800x400&maptype=mapnik&markers=41.13,-81.53,red-pushpin"
Century Cycles,"https://staticmap.openstreetmap.de/staticmap.php?center=41.243,-81.551&zoom=15&size=800x400&maptype=mapnik&markers=41.243,-81.551,red-pushpin"
Chippewa Bridge,"https://staticmap.openstreetmap.de/staticmap.php?center=41.315,-81.618&zoom=15&size=800x400&maptype=mapnik&markers=41.315,-81.618,red-pushpin"
Chippewa Creek Gorge,"https://staticmap.openstreetmap.de/staticmap.php?center=41.315,-81.618&zoom=15&size=800x400&maptype=mapnik&markers=41.315,-81.618,red-pushpin"
Deep Lock Quarry,"https://staticmap.openstreetmap.de/staticmap.php?center=41.231,-81.556&zoom=15&size=800x400&maptype=mapnik&markers=41.231,-81.556,red-pushpin"
Deep Lock Trail,"https://staticmap.openstreetmap.de/staticmap.php?center=41.231,-81.556&zoom=15&size=800x400&maptype=mapnik&markers=41.231,-81.556,red-pushpin"
Deer Lick Cave,"https://staticmap.openstreetmap.de/staticmap.php?center=41.225,-81.511&zoom=15&size=800x400&maptype=mapnik&markers=41.225,-81.511,red-pushpin"
Deer Lick Run,"https://staticmap.openstreetmap.de/staticmap.php?center=41.312,-81.615&zoom=15&size=800x400&maptype=mapnik&markers=41.312,-81.615,red-pushpin"
Dickerson Run,"https://staticmap.openstreetmap.de/staticmap.php?center=41.205,-81.591&zoom=15&size=800x400&maptype=mapnik&markers=41.205,-81.591,red-pushpin"
East Rim Trail,"https://staticmap.openstreetmap.de/staticmap.php?center=41.272,-81.515&zoom=15&size=800x400&maptype=mapnik&markers=41.272,-81.515,red-pushpin"
Everett Covered Bridge,"https://staticmap.openstreetmap.de/staticmap.php?center=41.204,-81.59&zoom=15&size=800x400&maptype=mapnik&markers=41.204,-81.59,red-pushpin"
Everett Trailhead,"https://staticmap.openstreetmap.de/staticmap.php?center=41.204,-81.59&zoom=15&size=800x400&maptype=mapnik&markers=41.204,-81.59,red-pushpin"
Firestone MP,"https://staticmap.openstreetmap.de/staticmap.php?center=41.035,-81.525&zoom=15&size=800x400&maptype=mapnik&markers=41.035,-81.525,red-pushpin"
Fisher’s Tavern,"https://staticmap.openstreetmap.de/staticmap.php?center=41.241,-81.55&zoom=15&size=800x400&maptype=mapnik&markers=41.241,-81.55,red-pushpin"
Fitzwater Bridge,"https://staticmap.openstreetmap.de/staticmap.php?center=41.353,-81.609&zoom=15&size=800x400&maptype=mapnik&markers=41.353,-81.609,red-pushpin"
Fitzwater Yard,"https://staticmap.openstreetmap.de/staticmap.php?center=41.353,-81.609&zoom=15&size=800x400&maptype=mapnik&markers=41.353,-81.609,red-pushpin"
Frazee Fields,"https://staticmap.openstreetmap.de/staticmap.php?center=41.353,-81.597&zoom=15&size=800x400&maptype=mapnik&markers=41.353,-81.597,red-pushpin"
Frazee House,"https://staticmap.openstreetmap.de/staticmap.php?center=41.353,-81.597&zoom=15&size=800x400&maptype=mapnik&markers=41.353,-81.597,red-pushpin"
Furnace Run MP,"https://staticmap.openstreetmap.de/staticmap.php?center=41.225,-81.615&zoom=15&size=800x400&maptype=mapnik&markers=41.225,-81.615,red-pushpin"
Gorge Metro Caves,"https://staticmap.openstreetmap.de/staticmap.php?center=41.117,-81.491&zoom=15&size=800x400&maptype=mapnik&markers=41.117,-81.491,red-pushpin"
Gorge Metro Park Dam,"https://staticmap.openstreetmap.de/staticmap.php?center=41.118,-81.492&zoom=15&size=800x400&maptype=mapnik&markers=41.118,-81.492,red-pushpin"
Great Falls of Tinkers,"https://staticmap.openstreetmap.de/staticmap.php?center=41.366,-81.511&zoom=15&size=800x400&maptype=mapnik&markers=41.366,-81.511,red-pushpin"
Hale Farm & Village,"https://staticmap.openstreetmap.de/staticmap.php?center=41.201,-81.592&zoom=15&size=800x400&maptype=mapnik&markers=41.201,-81.592,red-pushpin"
Hampton Hills,"https://staticmap.openstreetmap.de/staticmap.php?center=41.166,-81.554&zoom=15&size=800x400&maptype=mapnik&markers=41.166,-81.554,red-pushpin"
Happy Days Lot,"https://staticmap.openstreetmap.de/staticmap.php?center=41.228,-81.545&zoom=15&size=800x400&maptype=mapnik&markers=41.228,-81.545,red-pushpin"
Hemlock Grove,"https://staticmap.openstreetmap.de/staticmap.php?center=41.225,-81.542&zoom=15&size=800x400&maptype=mapnik&markers=41.225,-81.542,red-pushpin"
Heritage Farms,"https://staticmap.openstreetmap.de/staticmap.php?center=41.24,-81.546&zoom=15&size=800x400&maptype=mapnik&markers=41.24,-81.546,red-pushpin"
Highbridge Overlook,"https://staticmap.openstreetmap.de/staticmap.php?center=41.118,-81.492&zoom=15&size=800x400&maptype=mapnik&markers=41.118,-81.492,red-pushpin"
Highland Rd Access,"https://staticmap.openstreetmap.de/staticmap.php?center=41.276,-81.535&zoom=15&size=800x400&maptype=mapnik&markers=41.276,-81.535,red-pushpin"
Highland Trailhead,"https://staticmap.openstreetmap.de/staticmap.php?center=41.277,-81.536&zoom=15&size=800x400&maptype=mapnik&markers=41.277,-81.536,red-pushpin"
Hines Hill Center,"https://staticmap.openstreetmap.de/staticmap.php?center=41.265,-81.545&zoom=15&size=800x400&maptype=mapnik&markers=41.265,-81.545,red-pushpin"
Horseshoe Pond,"https://staticmap.openstreetmap.de/staticmap.php?center=41.21,-81.604&zoom=15&size=800x400&maptype=mapnik&markers=41.21,-81.604,red-pushpin"
Hunt House,"https://staticmap.openstreetmap.de/staticmap.php?center=41.213,-81.565&zoom=15&size=800x400&maptype=mapnik&markers=41.213,-81.565,red-pushpin"
Ice Box Cave,"https://staticmap.openstreetmap.de/staticmap.php?center=41.225,-81.511&zoom=15&size=800x400&maptype=mapnik&markers=41.225,-81.511,red-pushpin"
Indigo CVSR Stop,"https://staticmap.openstreetmap.de/staticmap.php?center=41.218,-81.565&zoom=15&size=800x400&maptype=mapnik&markers=41.218,-81.565,red-pushpin"
Indigo Lake,"https://staticmap.openstreetmap.de/staticmap.php?center=41.218,-81.565&zoom=15&size=800x400&maptype=mapnik&markers=41.218,-81.565,red-pushpin"
Indigo Lake Pier,"https://staticmap.openstreetmap.de/staticmap.php?center=41.218,-81.566&zoom=15&size=800x400&maptype=mapnik&markers=41.218,-81.566,red-pushpin"
Ira Road Trailhead,"https://staticmap.openstreetmap.de/staticmap.php?center=41.192,-81.585&zoom=15&size=800x400&maptype=mapnik&markers=41.192,-81.585,red-pushpin"
Jaite Foundations,"https://staticmap.openstreetmap.de/staticmap.php?center=41.282,-81.564&zoom=15&size=800x400&maptype=mapnik&markers=41.282,-81.564,red-pushpin"
Jaite Mill Dist.,"https://staticmap.openstreetmap.de/staticmap.php?center=41.282,-81.564&zoom=15&size=800x400&maptype=mapnik&markers=41.282,-81.564,red-pushpin"
Jaite Water Tower,"https://staticmap.openstreetmap.de/staticmap.php?center=41.282,-81.564&zoom=15&size=800x400&maptype=mapnik&markers=41.282,-81.564,red-pushpin"
Kendall Hills,"https://staticmap.openstreetmap.de/staticmap.php?center=41.221,-81.53&zoom=15&size=800x400&maptype=mapnik&markers=41.221,-81.53,red-pushpin"
Ledges Cave entrance,"https://staticmap.openstreetmap.de/staticmap.php?center=41.224,-81.51&zoom=15&size=800x400&maptype=mapnik&markers=41.224,-81.51,red-pushpin"
Ledges Overlook,"https://staticmap.openstreetmap.de/staticmap.php?center=41.224,-81.51&zoom=15&size=800x400&maptype=mapnik&markers=41.224,-81.51,red-pushpin"
Liberty Park,"https://staticmap.openstreetmap.de/staticmap.php?center=41.315,-81.445&zoom=15&size=800x400&maptype=mapnik&markers=41.315,-81.445,red-pushpin"
Lock 29 Peninsula,"https://staticmap.openstreetmap.de/staticmap.php?center=41.242,-81.551&zoom=15&size=800x400&maptype=mapnik&markers=41.242,-81.551,red-pushpin"
Lock 37,"https://staticmap.openstreetmap.de/staticmap.php?center=41.354,-81.597&zoom=15&size=800x400&maptype=mapnik&markers=41.354,-81.597,red-pushpin"
Lock 38,"https://staticmap.openstreetmap.de/staticmap.php?center=41.37,-81.606&zoom=15&size=800x400&maptype=mapnik&markers=41.37,-81.606,red-pushpin"
Lock 39 Trailhead,"https://staticmap.openstreetmap.de/staticmap.php?center=41.39,-81.625&zoom=15&size=800x400&maptype=mapnik&markers=41.39,-81.625,red-pushpin"
Look About Lodge,"https://staticmap.openstreetmap.de/staticmap.php?center=41.415,-81.425&zoom=15&size=800x400&maptype=mapnik&markers=41.415,-81.425,red-pushpin"
M.D. Garage Art,"https://staticmap.openstreetmap.de/staticmap.php?center=41.263,-81.561&zoom=15&size=800x400&maptype=mapnik&markers=41.263,-81.561,red-pushpin"
Mary Campbell Cave,"https://staticmap.openstreetmap.de/staticmap.php?center=41.117,-81.491&zoom=15&size=800x400&maptype=mapnik&markers=41.117,-81.491,red-pushpin"
Mingo Pavilion,"https://staticmap.openstreetmap.de/staticmap.php?center=41.127,-81.554&zoom=15&size=800x400&maptype=mapnik&markers=41.127,-81.554,red-pushpin"
Munroe Falls MP,"https://staticmap.openstreetmap.de/staticmap.php?center=41.14,-81.435&zoom=15&size=800x400&maptype=mapnik&markers=41.14,-81.435,red-pushpin"
Mustill Lock 15,"https://staticmap.openstreetmap.de/staticmap.php?center=41.096,-81.522&zoom=15&size=800x400&maptype=mapnik&markers=41.096,-81.522,red-pushpin"
Mustill Store,"https://staticmap.openstreetmap.de/staticmap.php?center=41.096,-81.522&zoom=15&size=800x400&maptype=mapnik&markers=41.096,-81.522,red-pushpin"
Oak Hill Meadows,"https://staticmap.openstreetmap.de/staticmap.php?center=41.19,-81.606&zoom=15&size=800x400&maptype=mapnik&markers=41.19,-81.606,red-pushpin"
Oak Hill Reforest,"https://staticmap.openstreetmap.de/staticmap.php?center=41.189,-81.605&zoom=15&size=800x400&maptype=mapnik&markers=41.189,-81.605,red-pushpin"
Oak Hill Trailhead,"https://staticmap.openstreetmap.de/staticmap.php?center=41.189,-81.605&zoom=15&size=800x400&maptype=mapnik&markers=41.189,-81.605,red-pushpin"
Oxbow Area,"https://staticmap.openstreetmap.de/staticmap.php?center=41.135,-81.535&zoom=15&size=800x400&maptype=mapnik&markers=41.135,-81.535,red-pushpin"
O’Neil Woods,"https://staticmap.openstreetmap.de/staticmap.php?center=41.163,-81.594&zoom=15&size=800x400&maptype=mapnik&markers=41.163,-81.594,red-pushpin"
Peninsula Art Academy,"https://staticmap.openstreetmap.de/staticmap.php?center=41.241,-81.555&zoom=15&size=800x400&maptype=mapnik&markers=41.241,-81.555,red-pushpin"
Peninsula Dam,"https://staticmap.openstreetmap.de/staticmap.php?center=41.242,-81.551&zoom=15&size=800x400&maptype=mapnik&markers=41.242,-81.551,red-pushpin"
Peninsula Depot,"https://staticmap.openstreetmap.de/staticmap.php?center=41.242,-81.552&zoom=15&size=800x400&maptype=mapnik&markers=41.242,-81.552,red-pushpin"
Pine Hollow,"https://staticmap.openstreetmap.de/staticmap.php?center=41.22,-81.543&zoom=15&size=800x400&maptype=mapnik&markers=41.22,-81.543,red-pushpin"
Pine Hollow Overlook,"https://staticmap.openstreetmap.de/staticmap.php?center=41.22,-81.543&zoom=15&size=800x400&maptype=mapnik&markers=41.22,-81.543,red-pushpin"
Pine Hollow Sledding,"https://staticmap.openstreetmap.de/staticmap.php?center=41.22,-81.543&zoom=15&size=800x400&maptype=mapnik&markers=41.22,-81.543,red-pushpin"
Pinery Narrows,"https://staticmap.openstreetmap.de/staticmap.php?center=41.31,-81.585&zoom=15&size=800x400&maptype=mapnik&markers=41.31,-81.585,red-pushpin"
Plateau Trail,"https://staticmap.openstreetmap.de/staticmap.php?center=41.189,-81.605&zoom=15&size=800x400&maptype=mapnik&markers=41.189,-81.605,red-pushpin"
Generated 150 map tile URLs
Red Lock,"https://staticmap.openstreetmap.de/staticmap.php?center=41.298,-81.571&zoom=15&size=800x400&maptype=mapnik&markers=41.298,-81.571,red-pushpin"
Red Lock Trailhead,"https://staticmap.openstreetmap.de/staticmap.php?center=41.298,-81.571&zoom=15&size=800x400&maptype=mapnik&markers=41.298,-81.571,red-pushpin"
River Light Gallery,"https://staticmap.openstreetmap.de/staticmap.php?center=41.242,-81.55&zoom=15&size=800x400&maptype=mapnik&markers=41.242,-81.55,red-pushpin"
Rockside Museum,"https://staticmap.openstreetmap.de/staticmap.php?center=41.393,-81.628&zoom=15&size=800x400&maptype=mapnik&markers=41.393,-81.628,red-pushpin"
Rockside Station,"https://staticmap.openstreetmap.de/staticmap.php?center=41.393,-81.628&zoom=15&size=800x400&maptype=mapnik&markers=41.393,-81.628,red-pushpin"
Salt Run Trail,"https://staticmap.openstreetmap.de/staticmap.php?center=41.221,-81.543&zoom=15&size=800x400&maptype=mapnik&markers=41.221,-81.543,red-pushpin"
Sand Run Metro Park,"https://staticmap.openstreetmap.de/staticmap.php?center=41.127,-81.554&zoom=15&size=800x400&maptype=mapnik&markers=41.127,-81.554,red-pushpin"
Sand Run Parkway,"https://staticmap.openstreetmap.de/staticmap.php?center=41.127,-81.554&zoom=15&size=800x400&maptype=mapnik&markers=41.127,-81.554,red-pushpin"
Sarah’s Vineyard,"https://staticmap.openstreetmap.de/staticmap.php?center=41.192,-81.562&zoom=15&size=800x400&maptype=mapnik&markers=41.192,-81.562,red-pushpin"
Signal Tree,"https://staticmap.openstreetmap.de/staticmap.php?center=41.13,-81.53&zoom=15&size=800x400&maptype=mapnik&markers=41.13,-81.53,red-pushpin"
Silver Creek MP,"https://staticmap.openstreetmap.de/staticmap.php?center=41.015,-81.675&zoom=15&size=800x400&maptype=mapnik&markers=41.015,-81.675,red-pushpin"
Sleepy Hollow Golf,"https://staticmap.openstreetmap.de/staticmap.php?center=41.317,-81.607&zoom=15&size=800x400&maptype=mapnik&markers=41.317,-81.607,red-pushpin"
Sleepy Hollow Gorges,"https://staticmap.openstreetmap.de/staticmap.php?center=41.317,-81.607&zoom=15&size=800x400&maptype=mapnik&markers=41.317,-81.607,red-pushpin"
Smith Rd Access,"https://staticmap.openstreetmap.de/staticmap.php?center=41.155,-81.57&zoom=15&size=800x400&maptype=mapnik&markers=41.155,-81.57,red-pushpin"
Snowville Rd Bridge,"https://staticmap.openstreetmap.de/staticmap.php?center=41.273,-81.589&zoom=15&size=800x400&maptype=mapnik&markers=41.273,-81.589,red-pushpin"
Squire's Castle Ln,"https://staticmap.openstreetmap.de/staticmap.php?center=41.579,-81.42&zoom=15&size=800x400&maptype=mapnik&markers=41.579,-81.42,red-pushpin"
Squire’s Castle,"https://staticmap.openstreetmap.de/staticmap.php?center=41.579,-81.42&zoom=15&size=800x400&maptype=mapnik&markers=41.579,-81.42,red-pushpin"
Stanford Backcountry,"https://staticmap.openstreetmap.de/staticmap.php?center=41.27,-81.556&zoom=15&size=800x400&maptype=mapnik&markers=41.27,-81.556,red-pushpin"
Stanford House,"https://staticmap.openstreetmap.de/staticmap.php?center=41.27,-81.556&zoom=15&size=800x400&maptype=mapnik&markers=41.27,-81.556,red-pushpin"
Stanford Orchard,"https://staticmap.openstreetmap.de/staticmap.php?center=41.27,-81.556&zoom=15&size=800x400&maptype=mapnik&markers=41.27,-81.556,red-pushpin"
Station Rd Bridge,"https://staticmap.openstreetmap.de/staticmap.php?center=41.319,-81.589&zoom=15&size=800x400&maptype=mapnik&markers=41.319,-81.589,red-pushpin"
Station Rd Launch,"https://staticmap.openstreetmap.de/staticmap.php?center=41.319,-81.59&zoom=15&size=800x400&maptype=mapnik&markers=41.319,-81.59,red-pushpin"
Stumpy Basin,"https://staticmap.openstreetmap.de/staticmap.php?center=41.229,-81.547&zoom=15&size=800x400&maptype=mapnik&markers=41.229,-81.547,red-pushpin"
Szalay’s Farm,"https://staticmap.openstreetmap.de/staticmap.php?center=41.222,-81.572&zoom=15&size=800x400&maptype=mapnik&markers=41.222,-81.572,red-pushpin"
Terra Vista Study Area,"https://staticmap.openstreetmap.de/staticmap.php?center=41.359,-81.602&zoom=15&size=800x400&maptype=mapnik&markers=41.359,-81.602,red-pushpin"
The G.A.R. Hall,"https://staticmap.openstreetmap.de/staticmap.php?center=41.241,-81.551&zoom=15&size=800x400&maptype=mapnik&markers=41.241,-81.551,red-pushpin"
The Ledges,"https://staticmap.openstreetmap.de/staticmap.php?center=41.224,-81.51&zoom=15&size=800x400&maptype=mapnik&markers=41.224,-81.51,red-pushpin"
The Log Cabin Gallery,"https://staticmap.openstreetmap.de/staticmap.php?center=41.244,-81.552&zoom=15&size=800x400&maptype=mapnik&markers=41.244,-81.552,red-pushpin"
The Octagon,"https://staticmap.openstreetmap.de/staticmap.php?center=41.228,-81.514&zoom=15&size=800x400&maptype=mapnik&markers=41.228,-81.514,red-pushpin"
Tinkers Creek Aqueduct,"https://staticmap.openstreetmap.de/staticmap.php?center=41.365,-81.597&zoom=15&size=800x400&maptype=mapnik&markers=41.365,-81.597,red-pushpin"
Tinkers Creek Gorge,"https://staticmap.openstreetmap.de/staticmap.php?center=41.365,-81.511&zoom=15&size=800x400&maptype=mapnik&markers=41.365,-81.511,red-pushpin"
Tinkers Gorge Rd,"https://staticmap.openstreetmap.de/staticmap.php?center=41.365,-81.511&zoom=15&size=800x400&maptype=mapnik&markers=41.365,-81.511,red-pushpin"
Tinkers Overlook,"https://staticmap.openstreetmap.de/staticmap.php?center=41.366,-81.509&zoom=15&size=800x400&maptype=mapnik&markers=41.366,-81.509,red-pushpin"
Tinkers Viaduct,"https://staticmap.openstreetmap.de/staticmap.php?center=41.366,-81.512&zoom=15&size=800x400&maptype=mapnik&markers=41.366,-81.512,red-pushpin"
Trail Mix Peninsula,"https://staticmap.openstreetmap.de/staticmap.php?center=41.241,-81.551&zoom=15&size=800x400&maptype=mapnik&markers=41.241,-81.551,red-pushpin"
Tusc. Confluence,"https://staticmap.openstreetmap.de/staticmap.php?center=41.035,-81.525&zoom=15&size=800x400&maptype=mapnik&markers=41.035,-81.525,red-pushpin"
Valley Embankment,"https://staticmap.openstreetmap.de/staticmap.php?center=41.34,-81.601&zoom=15&size=800x400&maptype=mapnik&markers=41.34,-81.601,red-pushpin"
Valley Overlook,"https://staticmap.openstreetmap.de/staticmap.php?center=41.205,-81.572&zoom=15&size=800x400&maptype=mapnik&markers=41.205,-81.572,red-pushpin"
Valley Rail Bridge,"https://staticmap.openstreetmap.de/staticmap.php?center=41.365,-81.597&zoom=15&size=800x400&maptype=mapnik&markers=41.365,-81.597,red-pushpin"
Valley View Area,"https://staticmap.openstreetmap.de/staticmap.php?center=41.12,-81.53&zoom=15&size=800x400&maptype=mapnik&markers=41.12,-81.53,red-pushpin"
Vaughn Rd View,"https://staticmap.openstreetmap.de/staticmap.php?center=41.282,-81.572&zoom=15&size=800x400&maptype=mapnik&markers=41.282,-81.572,red-pushpin"
Wallin’s Landing,"https://staticmap.openstreetmap.de/staticmap.php?center=41.365,-81.608&zoom=15&size=800x400&maptype=mapnik&markers=41.365,-81.608,red-pushpin"
Wallin’s Launch,"https://staticmap.openstreetmap.de/staticmap.php?center=41.365,-81.608&zoom=15&size=800x400&maptype=mapnik&markers=41.365,-81.608,red-pushpin"
Wetmore Bridle,"https://staticmap.openstreetmap.de/staticmap.php?center=41.201,-81.547&zoom=15&size=800x400&maptype=mapnik&markers=41.201,-81.547,red-pushpin"
Wetmore Pond,"https://staticmap.openstreetmap.de/staticmap.php?center=41.198,-81.545&zoom=15&size=800x400&maptype=mapnik&markers=41.198,-81.545,red-pushpin"
Wetmore Trailhead,"https://staticmap.openstreetmap.de/staticmap.php?center=41.201,-81.547&zoom=15&size=800x400&maptype=mapnik&markers=41.201,-81.547,red-pushpin"
Winking Lizard Tavern,"https://staticmap.openstreetmap.de/staticmap.php?center=41.243,-81.553&zoom=15&size=800x400&maptype=mapnik&markers=41.243,-81.553,red-pushpin"
Yellow Creek Trading,"https://staticmap.openstreetmap.de/staticmap.php?center=41.242,-81.551&zoom=15&size=800x400&maptype=mapnik&markers=41.242,-81.551,red-pushpin"
